date,total_assets,risk_score,stone_score,stock_ratio,bond_ratio,gold_ratio,cash_ratio,vix,main_advice,user_action,result_note
2026-07-05,280.70,78,24,31.60,40.26,19.95,8.19,,规则已经触发，但当前市场更适合分批调仓，黄金先等待趋势转弱再减。；今日继续按计划定投，不额外追涨。；存在3%-5%的配置偏离，先观察并用后续新增资金微调。,,
2026-07-06,232.60,78,24,38.52,48.58,1.50,11.39,,金条暂未估值时不做比例调仓，先继续定投并等待金价估值恢复。；今日继续按计划定投，不额外追涨。；金条未估值，先等待每日黄金价格获取成功后再判断再平衡。,,
2026-07-07,285.40,78,24,31.39,39.59,19.73,9.29,15.80,关键数据缺失，今天只做持有、观察和基础定投，不做激进买入。；今日继续按计划定投，不额外追涨。；存在偏离超过8%的资产类别，需要给出再平衡方向；优先用新增资金修正，尽量少卖出长期资产。,,
2026-07-08,285.40,78,24,31.39,39.59,19.73,9.29,16.12,关键数据缺失，今天只做持有、观察和基础定投，不做激进买入。；今日继续按计划定投，不额外追涨。；存在偏离超过8%的资产类别，需要给出再平衡方向；优先用新增资金修正，尽量少卖出长期资产。,,
2026-07-11,282.11,78,24,32.76,40.06,19.39,7.80,15.03,今日不是基础定投执行日；DQS=48，禁止新增仓位建议；现金低于或接近安全线；未来7天存在高等级宏观事件，事件前不追涨；待资金和数据条件满足后再执行分批计划。；今日继续按计划定投，不额外追涨。；存在偏离超过8%的资产类别，需要给出再平衡方向；优先用新增资金修正，尽量少卖出长期资产。,,
2026-07-12,282.11,78,24,32.76,40.06,19.39,7.80,15.03,今日不是基础定投执行日；DQS=48，禁止新增仓位建议；现金低于或接近安全线；待资金和数据条件满足后再执行分批计划。；今日继续按计划定投，不额外追涨。；存在偏离超过8%的资产类别，需要给出再平衡方向；优先用新增资金修正，尽量少卖出长期资产。,,
2026-07-13,282.11,78,24,32.76,40.06,19.39,7.80,16.33,今日不是基础定投执行日；DQS=70，只允许方向性建议；现金低于或接近安全线；未来7天存在高等级宏观事件，事件前不追涨；待资金和数据条件满足后再执行分批计划。；今日继续按计划定投，不额外追涨。；存在偏离超过8%的资产类别，需要给出再平衡方向；优先用新增资金修正，尽量少卖出长期资产。,,
2026-07-14,282.11,78,24,32.76,40.06,19.39,7.80,16.62,今日不是基础定投执行日；DQS=70，只允许方向性建议；现金低于或接近安全线；未来7天存在高等级宏观事件，事件前不追涨；待资金和数据条件满足后再执行分批计划。；今日继续按计划定投，不额外追涨。；存在偏离超过8%的资产类别，需要给出再平衡方向；优先用新增资金修正，尽量少卖出长期资产。,,
2026-07-15,282.11,78,24,32.76,40.06,19.39,7.80,16.43,DQS=65，只允许方向性建议；现金低于或接近安全线；未来7天存在高等级宏观事件，事件前不追涨；待资金和数据条件满足后再执行分批计划。；今日继续按计划定投，不额外追涨。；存在偏离超过8%的资产类别，需要给出再平衡方向；优先用新增资金修正，尽量少卖出长期资产。,,
